Symbol,Shortname,Sector,Currentprice,Marketcap,Ebitda,Revenuegrowth,City,State,Country,Fulltimeemployees,Weight
AAPL,Apple Inc.,Technology,254.49,3.84682E+12,1.34661E+11,0.061,Cupertino,CA,United States,164000,0.069209152
NVDA,NVIDIA Corporation,Technology,134.7,3.2988E+12,61184000000,1.224,Santa Clara,CA,United States,29600,0.059349638157321576
MSFT,Microsoft Corporation,Technology,436.6,3.24607E+12,1.36552E+11,0.16,Redmond,WA,United States,228000,0.058400878543611257
AMZN,"Amazon.com, Inc.",Consumer Cyclical,224.92,2.36503E+12,1.11583E+11,0.11,Seattle,WA,United States,1551000,0.042549949
GOOGL,Alphabet Inc.,Communication Services,191.41,2.35163E+12,1.2347E+11,0.151,Mountain View,CA,United States,181269,0.042308709819633895
GOOG,Alphabet Inc.,Communication Services,192.96,2.35162E+12,1.2347E+11,0.151,Mountain View,CA,United States,181269,0.042308672089217673
META,"Meta Platforms, Inc.",Communication Services,585.25,1.47746E+12,79208996864,0.189,Menlo Park,CA,United States,72404,0.026581332908595358
TSLA,"Tesla, Inc.",Consumer Cyclical,421.06,1.35163E+12,13244000256,0.078,Austin,TX,United States,140473,0.024317494
AVGO,Broadcom Inc.,Technology,220.79,1.03122E+12,22958000128,0.164,Palo Alto,CA,United States,20000,0.018552904023247482
BRK-B,Berkshire Hathaway Inc. New,Financial Services,453.2,9.78776E+11,1.49547E+11,-0.002,Omaha,NE,United States,396500,0.017609418
WMT,Walmart Inc.,Consumer Defensive,92.24,7.41E+11,40779001856,0.048,Bentonville,AR,United States,2100000,0.013331525
LLY,Eli Lilly and Company,Healthcare,767.76,6.90459E+11,16566500352,0.204,Indianapolis,IN,United States,43000,0.012422227822270615
JPM,JP Morgan Chase & Co.,Financial Services,237.6,6.68925E+11,,0.03,New York,NY,United States,316043,0.012034804
V,Visa Inc.,Financial Services,317.71,6.15236E+11,24973000704,0.117,San Francisco,CA,United States,,0.011068871
MA,Mastercard Incorporated,Financial Services,528.03,4.84642E+11,16784000000,0.128,Purchase,NY,United States,33400,0.008719328
ORCL,Oracle Corporation,Technology,169.66,4.74532E+11,21802999808,0.069,Austin,TX,United States,159000,0.008537435
XOM,Exxon Mobil Corporation,Energy,105.87,4.65308E+11,71537999872,-0.015,Spring,TX,United States,62000,0.008371483
UNH,UnitedHealth Group Incorporated,Healthcare,500.13,4.60262E+11,35035000832,0.092,Minnetonka,MN,United States,440000,0.008280689
COST,Costco Wholesale Corporation,Consumer Defensive,954.07,4.23511E+11,11521999872,0.01,Issaquah,WA,United States,333000,0.007619494
PG,Procter & Gamble Company (The),Consumer Defensive,168.06,3.95788E+11,24039999488,-0.006,Cincinnati,OH,United States,108000,0.007120727
HD,"Home Depot, Inc. (The)",Consumer Cyclical,392.6,3.89994E+11,24757999616,0.066,Atlanta,GA,United States,465000,0.007016491
NFLX,"Netflix, Inc.",Communication Services,909.05,3.88581E+11,9976898560,0.15,Los Gatos,CA,United States,13000,0.006991058
JNJ,Johnson & Johnson,Healthcare,144.47,3.47829E+11,30051999744,0.052,New Brunswick,NJ,United States,131900,0.006257881
BAC,Bank of America Corporation,Financial Services,44.17,3.38911E+11,,-0.005,Charlotte,NC,United States,213000,0.006097439
CRM,"Salesforce, Inc.",Technology,343.65,3.28873E+11,9345000448,0.084,San Francisco,CA,United States,72682,0.005916842
ABBV,AbbVie Inc.,Healthcare,175.58,3.10274E+11,25629999104,0.038,North Chicago,IL,United States,50000,0.005582229
KO,Coca-Cola Company (The),Consumer Defensive,62.55,2.69453E+11,14830999552,-0.008,Atlanta,GA,United States,79100,0.004847798
TMUS,"T-Mobile US, Inc.",Communication Services,220.31,2.55668E+11,30663999488,0.047,Bellevue,WA,United States,67000,0.004599783
CVX,Chevron Corporation,Energy,142.85,2.5469E+11,38942998528,-0.064,San Ramon,CA,United States,45600,0.004582197
MRK,"Merck & Company, Inc.",Healthcare,98.05,2.48031E+11,22927998976,0.044,Rahway,NJ,United States,70000,0.004462395
WFC,Wells Fargo & Company,Financial Services,70.34,2.34196E+11,,-0.018,San Francisco,CA,United States,220167,0.004213488
CSCO,"Cisco Systems, Inc.",Technology,58.52,2.33071E+11,13752000512,-0.056,San Jose,CA,United States,90400,0.004193244
ACN,Accenture plc,Technology,366.37,2.29157E+11,11065912320,0.026,Dublin,,Ireland,774000,0.004122826
NOW,"ServiceNow, Inc.",Technology,1091.25,2.25143E+11,1824000000,0.222,Santa Clara,CA,United States,22668,0.004050615
AXP,American Express Company,Financial Services,298.65,2.10382E+11,,0.08,New York,NY,United States,74600,0.003785047
MCD,McDonald's Corporation,Consumer Cyclical,292.68,2.0974E+11,13845499904,0.027,Chicago,IL,United States,100000,0.003773494
PEP,"Pepsico, Inc.",Consumer Defensive,152.79,2.09626E+11,16913000448,-0.006,Purchase,NY,United States,318000,0.003771443
BX,Blackstone Inc.,Financial Services,170.84,2.07208E+11,,0.541,New York,NY,United States,4735,0.003727941
IBM,International Business Machines,Technology,223.36,2.06529E+11,14675999744,0.015,Armonk,NY,United States,282200,0.003715713
DIS,Walt Disney Company (The),Communication Services,112.03,2.0288E+11,16750999552,0.037,Burbank,CA,United States,173250,0.003650061
LIN,Linde plc,Basic Materials,424.31,2.02039E+11,12581000192,0.025,Woking,,United Kingdom,65596,0.00363493
TMO,Thermo Fisher Scientific Inc,Healthcare,524.05,2.00449E+11,10581999616,0.002,Waltham,MA,United States,122000,0.003606333
MS,Morgan Stanley,Financial Services,123.44,1.98867E+11,,0.165,New York,NY,United States,80000,0.003577865
ABT,Abbott Laboratories,Healthcare,114.23,1.98127E+11,10824999936,0.049,North Chicago,IL,United States,114000,0.003564562
ADBE,Adobe Inc.,Technology,447.17,1.96844E+11,8134000128,0.106,San Jose,CA,United States,29945,0.003541477
AMD,"Advanced Micro Devices, Inc.",Technology,119.21,1.93455E+11,4479000064,0.176,Santa Clara,CA,United States,26000,0.003480503
PM,Philip Morris International Inc,Consumer Defensive,124.22,1.93141E+11,15301000192,0.084,Stamford,CT,United States,82700,0.00347485
ISRG,"Intuitive Surgical, Inc.",Healthcare,524.43,1.86791E+11,2505100032,0.169,Sunnyvale,CA,United States,13676,0.003360605
PLTR,Palantir Technologies Inc.,Technology,80.55,1.83495E+11,397707008,0.3,Denver,CO,United States,3892,0.003301299
GE,GE Aerospace,Industrials,168.37,1.82225E+11,8935000064,0.058,Evendale,OH,United States,125000,0.003278461
INTU,Intuit Inc.,Technology,643.39,1.80096E+11,4496000000,0.41,Mountain View,CA,United States,18800,0.003240151
GS,"Goldman Sachs Group, Inc. (The)",Financial Services,566.1,1.77704E+11,,0.042,New York,NY,United States,46400,0.003197128
CAT,"Caterpillar, Inc.",Industrials,366.04,1.76725E+11,15818999808,-0.042,Irving,TX,United States,113200,0.003179503
TXN,Texas Instruments Incorporated,Technology,186.87,1.70466E+11,6896999936,-0.084,Dallas,TX,United States,34000,0.003066899
QCOM,QUALCOMM Incorporated,Technology,152.89,1.69861E+11,11959000064,0.187,San Diego,CA,United States,49000,0.00305601
VZ,Verizon Communications Inc.,Communication Services,39.93,1.68091E+11,48428998656,,New York,NY,United States,101200,0.003024161
BKNG,Booking Holdings Inc. Common St,Consumer Cyclical,5048.59,1.67092E+11,7183000064,0.089,Norwalk,CT,United States,24200,0.00300619
DHR,Danaher Corporation,Healthcare,228.55,1.65076E+11,7511000064,0.031,Washington,DC,United States,61000,0.002969925
T,AT&T Inc.,Communication Services,22.75,1.63238E+11,42773000192,-0.005,Dallas,TX,United States,143630,0.002936855
BLK,"BlackRock, Inc.",Financial Services,1028.69,1.59322E+11,7673999872,0.149,New York,NY,United States,20400,0.002866413
RTX,RTX Corporation,Industrials,116.48,1.55037E+11,12570999808,0.492,Arlington,VA,United States,185000,0.002789316
SPGI,S&P Global Inc.,Financial Services,491.81,1.52609E+11,6645000192,0.159,New York,NY,United States,40450,0.002745622
PFE,"Pfizer, Inc.",Healthcare,26.36,1.49382E+11,18365999104,0.312,New York,NY,United States,88000,0.002687568
HON,Honeywell International Inc.,Industrials,228.32,1.48464E+11,9164000256,0.056,Charlotte,NC,United States,95000,0.002671062
NEE,"NextEra Energy, Inc.",Utilities,71.67,1.47382E+11,14577999872,0.055,Juno Beach,FL,United States,16800,0.002651592
CMCSA,Comcast Corporation,Communication Services,38.22,1.4625E+11,37285998592,0.065,Philadelphia,PA,United States,186000,0.002631229
ANET,"Arista Networks, Inc.",Technology,112.81,1.42114E+11,2833341952,0.2,Santa Clara,CA,United States,4023,0.002556802
AMGN,Amgen Inc.,Healthcare,263.38,1.41575E+11,12247000064,0.232,Thousand Oaks,CA,United States,26700,0.002547121
PGR,Progressive Corporation (The),Financial Services,239.97,1.40577E+11,10823199744,0.267,Mayfield Village,OH,United States,61432,0.002529159
LOW,"Lowe's Companies, Inc.",Consumer Cyclical,247.72,1.39875E+11,12433000448,-0.055,Mooresville,NC,United States,300000,0.00251653
SYK,Stryker Corporation,Healthcare,364.6,1.38991E+11,5693000192,0.119,Portage,MI,United States,52000,0.00250063
UNP,Union Pacific Corporation,Industrials,226.32,1.37208E+11,12030000128,0.025,Omaha,NE,United States,30518,0.002468547
TJX,"TJX Companies, Inc. (The)",Consumer Cyclical,122,1.37148E+11,7125000192,0.056,Framingham,MA,United States,349000,0.002467457
KKR,KKR & Co. Inc.,Financial Services,147.58,1.36187E+11,,0.238,New York,NY,United States,4490,0.002450168
SCHW,Charles Schwab Corporation (The,Financial Services,74.31,1.36029E+11,,0.052,Westlake,TX,United States,32100,0.002447332
ETN,"Eaton Corporation, PLC",Industrials,338.12,1.33625E+11,5449999872,0.079,Dublin,,Ireland,94000,0.002404083
AMAT,"Applied Materials, Inc.",Technology,163.59,1.33111E+11,8204000256,0.055,Santa Clara,CA,United States,35200,0.00239483
BA,Boeing Company (The),Industrials,177.35,1.32689E+11,-3991000064,-0.015,Arlington,VA,United States,171000,0.002387243
BSX,Boston Scientific Corporation,Healthcare,88.95,1.31097E+11,4063000064,0.193,Marlborough,MA,United States,48000,0.002358604
C,"Citigroup, Inc.",Financial Services,69.19,1.30856E+11,,-0.024,New York,NY,United States,229000,0.00235427
UBER,"Uber Technologies, Inc.",Technology,60.73,1.2788E+11,3444999936,0.204,San Francisco,CA,United States,30800,0.002300719
COP,ConocoPhillips,Energy,95.12,1.23043E+11,24445999104,-0.079,Houston,TX,United States,10300,0.002213707
PANW,"Palo Alto Networks, Inc.",Technology,186.78,1.22565E+11,1094400000,0.121,Santa Clara,CA,United States,15289,0.0022051
ADP,"Automatic Data Processing, Inc.",Technology,294.02,1.19801E+11,5733100032,0.071,Roseland,NJ,United States,64000,0.002155363
DE,Deere & Company,Industrials,432.49,1.17453E+11,14364000256,-0.168,Moline,IL,United States,83000,0.002113136
FI,"Fiserv, Inc.",Technology,206.05,1.17226E+11,8766000128,0.07,Milwaukee,WI,United States,42000,0.00210904
BMY,Bristol-Myers Squibb Company,Healthcare,57.33,1.16276E+11,19161999360,0.084,Princeton,NJ,United States,34100,0.002091944
LMT,Lockheed Martin Corporation,Industrials,489.02,1.15915E+11,10225999872,0.013,Bethesda,MD,United States,122000,0.002085455
GILD,"Gilead Sciences, Inc.",Healthcare,92.57,1.15367E+11,13948999680,0.07,Foster City,CA,United States,18000,0.002075602
NKE,"Nike, Inc.",Consumer Cyclical,76.94,1.14525E+11,7200999936,-0.104,Beaverton,OR,United States,79400,0.002060453
CB,Chubb Limited,Financial Services,273.2,1.10126E+11,11363000320,0.078,Zurich,,Switzerland,40000,0.001981313
UPS,"United Parcel Service, Inc.",Industrials,125.68,1.07252E+11,12007999488,0.056,Atlanta,GA,United States,500000,0.001929591
ADI,"Analog Devices, Inc.",Technology,211.78,1.05106E+11,4361349120,-0.248,Wilmington,MA,United States,26000,0.001890986
MMC,"Marsh & McLennan Companies, Inc",Financial Services,211.74,1.0399E+11,7246000128,0.059,New York,NY,United States,85000,0.001870915
MDT,Medtronic plc.,Healthcare,81.03,1.03904E+11,9013000192,0.028,Galway,,Ireland,95000,0.001869364
VRTX,Vertex Pharmaceuticals Incorpor,Healthcare,397.27,1.02309E+11,4446600192,0.116,Boston,MA,United States,5400,0.00184066
MU,"Micron Technology, Inc.",Technology,90.12,1.00409E+11,8944000000,0.933,Boise,ID,United States,48000,0.001806485
SBUX,Starbucks Corporation,Consumer Cyclical,87.97,99740385280,6700000256,-0.032,Seattle,WA,United States,,0.001794456
PLD,"Prologis, Inc.",Real Estate,103.32,95692398592,5739131904,0.068,San Francisco,CA,United States,2574,0.001721627
GEV,GE Vernova Inc.,Utilities,342.66,94455259136,1396999936,0.08,Cambridge,MA,United States,80000,0.00169937
LRCX,Lam Research Corporation,Technology,71.79,92371476480,4920197120,0.197,Fremont,CA,United States,17700,0.00166188
MO,"Altria Group, Inc.",Consumer Defensive,53.84,91248566272,12216000512,0.013,Richmond,VA,United States,6400,0.001641677
SO,Southern Company (The),Utilities,82.86,90788044800,13061000192,0.042,Atlanta,GA,United States,27819,0.001633392
EQIX,"Equinix, Inc.",Real Estate,927.22,89465782272,3352907008,0.189,Redwood City,CA,United States,13151,0.001609603
CRWD,"CrowdStrike Holdings, Inc.",Technology,362.29,89236021248,187490000,0.317,Austin,TX,United States,9219,0.001605469
PYPL,"PayPal Holdings, Inc.",Financial Services,87.13,87351312384,6120999936,0.058,San Jose,CA,United States,27200,0.001571561
SHW,Sherwin-Williams Company (The),Basic Materials,345.47,87007649792,4399799808,0.007,Cleveland,OH,United States,64088,0.001565378
ICE,Intercontinental Exchange Inc.,Financial Services,150.31,86304546816,5558000128,0.173,Atlanta,GA,United States,12900,0.001552728
CME,CME Group Inc.,Financial Services,238.53,85957140480,4209900032,0.185,Chicago,IL,United States,3565,0.001546478
AMT,American Tower Corporation (REI,Real Estate,183.73,85855002624,6966099968,,Boston,MA,United States,5643,0.00154464
APH,Amphenol Corporation,Technology,70.58,85091958784,3586299904,0.262,Wallingford,CT,United States,95000,0.001530912
ELV,"Elevance Health, Inc.",Healthcare,365.96,84874543104,11347999744,0.054,Indianapolis,IN,United States,104900,0.001527
TT,Trane Technologies plc,Industrials,377.11,84858798080,3691200000,0.114,Swords,,Ireland,40000,0.001526717
MCO,Moody's Corporation,Financial Services,466.35,84517085184,3313999872,0.232,New York,NY,United States,15776,0.001520569
CMG,"Chipotle Mexican Grill, Inc.",Consumer Cyclical,61.87,84303437824,2233638912,0.13,Newport Beach,CA,United States,125000,0.001516725
INTC,Intel Corporation,Technology,19.52,84189757440,10439000064,-0.062,Santa Clara,CA,United States,124100,0.00151468
KLAC,KLA Corporation,Technology,629.37,84184530944,4249192960,0.185,Milpitas,CA,United States,15000,0.001514586
ABNB,"Airbnb, Inc.",Consumer Cyclical,134.21,83850649600,1672999936,0.099,San Francisco,CA,United States,6907,0.001508579
DUK,Duke Energy Corporation (Holdin,Utilities,108.28,83644350464,14106000384,0.02,Charlotte,NC,United States,27037,0.001504868
PH,Parker-Hannifin Corporation,Industrials,647.2,83307585536,4962157056,0.012,Cleveland,OH,United States,61120,0.001498809
CDNS,"Cadence Design Systems, Inc.",Technology,301.47,82682068992,1450493056,0.188,San Jose,CA,United States,12703,0.001487555
WM,"Waste Management, Inc.",Industrials,205.83,82613166080,6381000192,0.079,Houston,TX,United States,48000,0.001486315
DELL,Dell Technologies Inc.,Technology,115.77,81092141056,8725999616,0.091,Round Rock,TX,United States,120000,0.00145895
MDLZ,"Mondelez International, Inc.",Consumer Defensive,59.39,79415713792,7414000128,0.019,Chicago,IL,United States,91000,0.001428789
MAR,Marriott International,Consumer Cyclical,283.96,78910488576,4112999936,0.066,Bethesda,MD,United States,411000,0.001419699
MSI,"Motorola Solutions, Inc.",Technology,469.94,78536843264,3152000000,0.092,Chicago,IL,United States,21000,0.001412977
WELL,Welltower Inc.,Real Estate,124.64,77612081152,2930661888,0.288,Toledo,OH,United States,533,0.001396339
AON,Aon plc,Financial Services,358.47,77524877312,4295000064,0.26,Dublin,,Ireland,50000,0.001394771
REGN,"Regeneron Pharmaceuticals, Inc.",Healthcare,701.85,77126295552,4598000128,0.106,Tarrytown,NY,United States,14165,0.0013876
CI,The Cigna Group,Healthcare,276.92,77026131968,8554999808,0.28,Bloomfield,CT,United States,70325,0.001385798
HCA,"HCA Healthcare, Inc.",Healthcare,303.62,76906029056,13747000320,0.079,Nashville,TN,United States,220000,0.001383637
PNC,"PNC Financial Services Group, I",Financial Services,192.76,76483887104,,0.017,Pittsburgh,PA,United States,53749,0.001376042
ITW,Illinois Tool Works Inc.,Industrials,258.82,76429549568,4652000256,-0.016,Glenview,IL,United States,45000,0.001375064
SNPS,"Synopsys, Inc.",Technology,492.18,76080201728,1652390016,0.127,Sunnyvale,CA,United States,20300,0.001368779
CTAS,Cintas Corporation,Industrials,186.94,75429543936,2450383872,0.068,Cincinnati,OH,United States,46500,0.001357073
CL,Colgate-Palmolive Company,Consumer Defensive,92.03,75189518336,4894000128,0.024,New York,NY,United States,34000,0.001352755
USB,U.S. Bancorp,Financial Services,47.92,74756628480,,-0.032,Minneapolis,MN,United States,70000,0.001344966
FTNT,"Fortinet, Inc.",Technology,97.19,74491568128,1727900032,0.13,Sunnyvale,CA,United States,13986,0.001340198
ZTS,Zoetis Inc.,Healthcare,164.84,74370031616,3764000000,0.11,Parsippany,NJ,United States,14100,0.001338011
MCK,McKesson Corporation,Healthcare,579.74,73592193024,4889999872,0.213,Irving,TX,United States,45000,0.001324017
GD,General Dynamics Corporation,Industrials,263.64,72492826624,5402999808,0.104,Reston,VA,United States,100000,0.001304238
TDG,Transdigm Group Incorporated,Industrials,1276.15,71758430208,3888000000,0.18,Cleveland,OH,United States,16600,0.001291025
CEG,Constellation Energy Corporatio,Utilities,227.02,71004364800,5997000192,0.072,Baltimore,MD,United States,13871,0.001277458
AJG,Arthur J. Gallagher & Co.,Financial Services,283.1,70719234048,3382200064,0.119,Rolling Meadows,IL,United States,51261,0.001272328
EMR,Emerson Electric Company,Industrials,124.09,70673096704,4614000128,0.129,Saint Louis,MO,United States,73000,0.001271498
MMM,3M Company,Industrials,129.28,70400581632,8117000192,0.004,Saint Paul,MN,United States,85000,0.001266595
ORLY,"O'Reilly Automotive, Inc.",Consumer Cyclical,1219.11,70380068864,3685244928,0.038,Springfield,MO,United States,92709,0.001266226
NOC,Northrop Grumman Corporation,Industrials,469.54,68409634816,4457999872,0.023,Falls Church,VA,United States,101000,0.001230776
COF,Capital One Financial Corporati,Financial Services,178.65,68156760064,,0.064,McLean,VA,United States,52500,0.001226226
ECL,Ecolab Inc.,Basic Materials,238.29,67474665472,3538599936,0.178,Saint Paul,MN,United States,48000,0.001213955
EOG,"EOG Resources, Inc.",Energy,119.04,66954047488,13168000000,-0.039,Houston,TX,United States,3050,0.001204588
FDX,FedEx Corporation,Industrials,275.73,66409852928,10885000192,0.139,Memphis,TN,United States,306000,0.001194797
BDX,"Becton, Dickinson and Company",Healthcare,227.68,66029019136,5109000192,0.069,Franklin Lakes,NJ,United States,70000,0.001187946
APD,"Air Products and Chemicals, Inc",Basic Materials,294.99,65599582208,4296600064,-0.001,Allentown,PA,United States,23000,0.001180219
WMB,"Williams Companies, Inc. (The)",Energy,53.49,65204850688,5864000000,0.045,Tulsa,OK,United States,5601,0.001173118
SPG,"Simon Property Group, Inc.",Real Estate,171.61,64434921472,4353110016,0.049,Indianapolis,IN,United States,2500,0.001159266
ADSK,"Autodesk, Inc.",Technology,298.12,64247537664,1396000000,0.119,San Francisco,CA,United States,14100,0.001155894
RCL,Royal Caribbean Cruises Ltd.,Consumer Cyclical,238.43,64107868160,5641999872,0.175,Miami,FL,United States,98100,0.001153382
RSG,"Republic Services, Inc.",Industrials,203.73,63798456320,4804800000,0.065,Phoenix,AZ,United States,41000,0.001147815
CARR,Carrier Global Corporation,Industrials,68.49,61451075584,3318000128,0.213,Palm Beach Gardens,FL,United States,53000,0.001105583
CSX,CSX Corporation,Industrials,31.85,61420175360,7191000064,0.013,Jacksonville,FL,United States,23400,0.001105027
HLT,Hilton Worldwide Holdings Inc.,Consumer Cyclical,249.42,60803608576,2456999936,0.063,McLean,VA,United States,178000,0.001093934
DLR,"Digital Realty Trust, Inc.",Real Estate,178.57,60376125440,2337596928,0.016,Austin,TX,United States,3664,0.001086243
TGT,Target Corporation,Consumer Defensive,131.48,60245712896,9230999552,0.027,Minneapolis,MN,United States,415000,0.001083897
KMI,"Kinder Morgan, Inc.",Energy,26.85,59651035136,6568999936,-0.053,Houston,TX,United States,10891,0.001073198
OKE,"ONEOK, Inc.",Energy,100.08,58471841792,5612000256,0.199,Tulsa,OK,United States,4775,0.001051982
TFC,Truist Financial Corporation,Financial Services,43.32,57508167680,,0.061,Charlotte,NC,United States,37867,0.001034645
AFL,AFLAC Incorporated,Financial Services,102.69,57047171072,4779250176,-0.404,Columbus,GA,United States,12785,0.001026351
GM,General Motors Company,Consumer Cyclical,51.81,56970276864,18371000320,0.105,Detroit,MI,United States,163000,0.001024967
BK,The Bank of New York Mellon Cor,Financial Services,77.62,56435798016,,0.047,New York,NY,United States,52600,0.001015351
ROP,"Roper Technologies, Inc.",Technology,525.4,56338120704,2732699904,0.129,Sarasota,FL,United States,16800,0.001013594
MET,"MetLife, Inc.",Financial Services,81.36,56335290368,7036000256,0.162,New York,NY,United States,45000,0.001013543
CPRT,"Copart, Inc.",Industrials,58.22,56096600064,1754322944,0.072,Dallas,TX,United States,13086,0.001009249
FCX,"Freeport-McMoRan, Inc.",Basic Materials,38.86,55839100928,9900000256,0.166,Phoenix,AZ,United States,27200,0.001004616
CVS,CVS Health Corporation,Healthcare,44.36,55823069184,14115000320,0.06,Woonsocket,RI,United States,219000,0.001004328
PCAR,PACCAR Inc.,Industrials,105.32,55219380224,5908100096,-0.052,Bellevue,WA,United States,32400,0.000993466
SRE,DBA Sempra,Utilities,86.81,54985363456,4930999808,-0.167,San Diego,CA,United States,16835,0.000989256
AZO,"AutoZone, Inc.",Consumer Cyclical,3253.47,54690828288,4338463232,0.09,Memphis,TN,United States,75600,0.000983957
TRV,"The Travelers Companies, Inc.",Financial Services,240.76,54657093632,6719000064,0.119,New York,NY,United States,32967,0.00098335
NXPI,NXP Semiconductors N.V.,Technology,210.24,53433757696,4640000000,-0.054,Eindhoven,,Netherlands,34200,0.000961341
JCI,Johnson Controls International ,Industrials,80.64,53398601728,3232000000,-0.095,Cork,,Ireland,100000,0.000960708
GWW,"W.W. Grainger, Inc.",Industrials,1092.96,53227368448,2836999936,0.043,Lake Forest,IL,United States,23200,0.000957628
NSC,Norfolk Southern Corporation,Industrials,234.15,52974096384,5888000000,0.027,Atlanta,GA,United States,20700,0.000953071
PSA,Public Storage,Real Estate,297.5,52116942848,3353046016,0.034,Glendale,CA,United States,6200,0.00093765
SLB,Schlumberger N.V.,Energy,36.83,52009488384,8130999808,0.102,Houston,TX,United States,111000,0.000935716
AMP,"Ameriprise Financial, Inc.",Financial Services,532.12,51623407616,,0.119,Minneapolis,MN,United States,13800,0.00092877
ALL,Allstate Corporation (The),Financial Services,193.56,51255271424,6192999936,0.147,Northbrook,IL,United States,53000,0.000922147
FICO,Fair Isaac Corporation,Technology,2090.98,50910969856,747456000,0.164,Bozeman,MT,United States,3586,0.000915953
MNST,Monster Beverage Corporation,Consumer Defensive,51.72,50298736640,2105284992,0.013,Corona,CA,United States,5254,0.000904938
PAYX,"Paychex, Inc.",Technology,139.54,50243190784,2358799872,0.025,Rochester,NY,United States,16000,0.000903939
CHTR,"Charter Communications, Inc.",Communication Services,351.5,49977675776,21500000256,0.016,Stamford,CT,United States,101100,0.000899162
AEP,American Electric Power Company,Utilities,92.75,49395404800,7258299904,0.015,Columbus,OH,United States,17250,0.000888686
ROST,"Ross Stores, Inc.",Consumer Cyclical,149.15,49208905728,2983800064,0.071,Dublin,CA,United States,108000,0.00088533
PWR,"Quanta Services, Inc.",Industrials,328.41,48477257728,1868978048,0.155,Houston,TX,United States,52500,0.000872167
CMI,Cummins Inc.,Industrials,351.38,48203010048,4582000128,0.003,Columbus,IN,United States,75500,0.000867233
AXON,"Axon Enterprise, Inc.",Industrials,631.69,48169394176,183220000,0.317,Scottsdale,AZ,United States,3330,0.000866628
VST,Vistra Corp.,Utilities,139.95,47614623744,6019999744,0.539,Irving,TX,United States,4870,0.000856647
URI,"United Rentals, Inc.",Industrials,722.64,47421370368,4542000128,0.06,Stamford,CT,United States,26300,0.00085317
MSCI,MSCI Inc.,Financial Services,604.8,47398957056,1622592000,0.159,New York,NY,United States,6118,0.000852767
LULU,lululemon athletica inc.,Consumer Cyclical,379.42,46207287296,2699964928,0.073,Vancouver,BC,Canada,38000,0.000831328
O,Realty Income Corporation,Real Estate,52.79,46202388480,4485658112,0.286,San Diego,CA,United States,418,0.000831239
PSX,Phillips 66,Energy,110.37,45581594624,5571999744,-0.104,Houston,TX,United States,14000,0.000820071
AIG,"American International Group, I",Financial Services,72.69,45341773824,8501000192,-0.086,New York,NY,United States,25000,0.000815756
FANG,"Diamondback Energy, Inc.",Energy,154.94,45240774656,6817999872,0.087,Midland,TX,United States,1023,0.000813939
D,"Dominion Energy, Inc.",Utilities,53.66,45074935808,7032000000,0.034,Richmond,VA,United States,17700,0.000810955
HWM,Howmet Aerospace Inc.,Industrials,110.83,45025906688,1772000000,0.107,Pittsburgh,PA,United States,23200,0.000810073
DHI,"D.R. Horton, Inc.",Consumer Cyclical,139.61,44790935552,6202899968,-0.048,Arlington,TX,United States,,0.000805846
KR,Kroger Company (The),Consumer Defensive,61.85,44755030016,8067999744,-0.006,Cincinnati,OH,United States,414000,0.0008052
NDAQ,"Nasdaq, Inc.",Financial Services,77.7,44658696192,2512000000,0.311,New York,NY,United States,9120,0.000803466
OXY,Occidental Petroleum Corporatio,Energy,47.13,44224106496,12931000320,0.002,Houston,TX,United States,12570,0.000795648
EW,Edwards Lifesciences Corporatio,Healthcare,74.81,44122935296,2052400000,0.089,Irvine,CA,United States,19800,0.000793827
COR,"Cencora, Inc.",Healthcare,227.69,44007923712,4303009792,0.147,Conshohocken,PA,United States,46000,0.000791758
KDP,Keurig Dr Pepper Inc.,Consumer Defensive,32.37,43908288512,4230000128,0.023,Burlington,MA,United States,28100,0.000789966
FIS,Fidelity National Information S,Technology,81.46,43854315520,3571000064,0.031,Jacksonville,FL,United States,60000,0.000788995
KMB,Kimberly-Clark Corporation,Consumer Defensive,131.32,43793252352,3897999872,-0.035,Dallas,TX,United States,41000,0.000787896
NEM,Newmont Corporation,Basic Materials,38.28,43579867136,6008999936,0.847,Denver,CO,United States,21700,0.000784057
DFS,Discover Financial Services,Financial Services,173.16,43475628032,,0.605,Riverwoods,IL,United States,21100,0.000782182
PCG,Pacific Gas & Electric Co.,Utilities,19.82,43475365888,9317999616,0.009,Oakland,CA,United States,28010,0.000782177
TEL,TE Connectivity plc,Technology,143.67,42980601856,3761999872,0.008,Ballybrit,,Ireland,87000,0.000773275
MPC,Marathon Petroleum Corporation,Energy,133.38,42866864128,10341000192,-0.148,Findlay,OH,United States,18200,0.000771229
FAST,Fastenal Company,Industrials,74.82,42863333376,1693200000,0.035,Winona,MN,United States,20894,0.000771166
AME,"AMETEK, Inc.",Industrials,183.36,42412634112,2138388992,0.053,Berwyn,PA,United States,21500,0.000763057
PEG,Public Service Enterprise Group,Utilities,85.06,42379018240,4044999936,0.076,Newark,NJ,United States,12543,0.000762452
PRU,"Prudential Financial, Inc.",Financial Services,117.83,41939349504,5557333504,1.334,Newark,NJ,United States,40366,0.000754542
KVUE,Kenvue Inc.,Consumer Defensive,21.77,41738752000,3454000128,-0.004,Skillman,NJ,United States,22000,0.000750933
STZ,"Constellation Brands, Inc.",Consumer Defensive,227.63,41334652928,3887300096,0.029,Victor,NY,United States,10600,0.000743663
GLW,Corning Incorporated,Technology,47.31,40507248640,2607000064,0.069,Corning,NY,United States,49800,0.000728777
LHX,"L3Harris Technologies, Inc.",Industrials,213.55,40503603200,3705999872,0.077,Melbourne,FL,United States,50000,0.000728711
GRMN,Garmin Ltd.,Technology,208.99,40131305472,1596897024,0.241,Schaffhausen,,Switzerland,19900,0.000722013
BKR,Baker Hughes Company,Energy,40.32,39897690112,4336999936,0.04,Houston,TX,United States,57000,0.00071781
CBRE,CBRE Group Inc,Real Estate,129.16,39525285888,2213600000,0.148,Dallas,TX,United States,130000,0.00071111
CTVA,"Corteva, Inc.",Basic Materials,57.48,39505600512,3014000128,-0.102,Indianapolis,IN,United States,22500,0.000710756
HES,Hess Corporation,Energy,128.19,39497650176,6984999936,0.133,New York,NY,United States,1756,0.000710613
CCI,Crown Castle Inc.,Real Estate,90.66,39400656896,3993999872,-0.009,Houston,TX,United States,4700,0.000708868
DAL,"Delta Air Lines, Inc.",Industrials,60.93,39316971520,8415000064,0.012,Atlanta,GA,United States,100000,0.000707362
CTSH,Cognizant Technology Solutions ,Technology,79.23,39284137984,3470000128,0.03,Teaneck,NJ,United States,340100,0.000706771
F,Ford Motor Company,Consumer Cyclical,9.88,39265984512,9360000000,0.055,Dearborn,MI,United States,177000,0.000706445
VRSK,"Verisk Analytics, Inc.",Industrials,276.86,39095676928,1363000064,0.07,Jersey City,NJ,United States,7500,0.000703381
EA,Electronic Arts Inc.,Communication Services,147.8,38763950080,1890000000,0.058,Redwood City,CA,United States,13700,0.000697412
ODFL,"Old Dominion Freight Line, Inc.",Industrials,181.37,38722129920,1971409024,-0.03,Thomasville,NC,United States,22686,0.00069666
XEL,Xcel Energy Inc.,Utilities,67.4,38703910912,5510000128,-0.005,Minneapolis,MN,United States,11311,0.000696332
TRGP,"Targa Resources, Inc.",Energy,176.79,38551359488,4021700096,-0.012,Houston,TX,United States,3182,0.000693588
A,"Agilent Technologies, Inc.",Healthcare,134.51,38415384576,1564000000,-0.056,Santa Clara,CA,United States,17400,0.000691141
IT,"Gartner, Inc.",Technology,491.25,37892227072,1298909952,0.054,Stamford,CT,United States,20990,0.000681729
LVS,Las Vegas Sands Corp.,Consumer Cyclical,52.25,37882609664,3863000064,-0.04,Las Vegas,NV,United States,38400,0.000681556
SYY,Sysco Corporation,Consumer Defensive,76.97,37809664000,4410999808,0.044,Houston,TX,United States,76000,0.000680244
VLO,Valero Energy Corporation,Energy,118.59,37543813120,7816000000,-0.152,San Antonio,TX,United States,9886,0.000675461
OTIS,Otis Worldwide Corporation,Industrials,93.56,37373571072,2507000064,0.007,Farmington,CT,United States,71000,0.000672398
LEN,Lennar Corporation,Consumer Cyclical,138.08,37306593280,5534482944,0.079,Miami,FL,United States,12284,0.000671193
EXC,Exelon Corporation,Utilities,37.02,37198807040,7148000256,0.029,Chicago,IL,United States,19962,0.000669254
IR,Ingersoll Rand Inc.,Industrials,92.28,37189947392,1901100032,0.07,Davidson,NC,United States,18000,0.000669094
YUM,"Yum! Brands, Inc.",Consumer Cyclical,132.36,36937969664,2608000000,0.069,Louisville,KY,United States,35000,0.000664561
KHC,The Kraft Heinz Company,Consumer Defensive,30.52,36903870464,6446000128,-0.028,Pittsburgh,PA,United States,36000,0.000663947
GEHC,GE HealthCare Technologies Inc.,Healthcare,78.91,36051849216,3571000064,0.009,Chicago,IL,United States,51000,0.000648618
IQV,"IQVIA Holdings, Inc.",Healthcare,197.27,35804504064,2827000064,0.043,Durham,NC,United States,88000,0.000644168
GIS,"General Mills, Inc.",Consumer Defensive,63.61,35063803904,4214599936,-0.012,Minneapolis,MN,United States,34000,0.000630842
CCL,Carnival Corporation,Consumer Cyclical,26.8,35054399488,5878000128,0.152,Miami,FL,United States,106000,0.000630673
RMD,ResMed Inc.,Healthcare,237.27,34830286848,1632185984,0.111,San Diego,CA,United States,,0.000626641
VMC,Vulcan Materials Company (Holdi,Basic Materials,263.13,34749210624,1985699968,-0.083,Birmingham,AL,United States,10961,0.000625182
HSY,The Hershey Company,Consumer Defensive,170.26,34452963328,2952748032,-0.014,Hershey,PA,United States,18650,0.000619852
ACGL,Arch Capital Group Ltd.,Financial Services,90.99,34234257408,5171999744,0.418,Pembroke,,Bermuda,6400,0.000615918
IDXX,"IDEXX Laboratories, Inc.",Healthcare,412.26,33757788160,1299420032,0.066,Westbrook,ME,United States,11000,0.000607345
WAB,Westinghouse Air Brake Technolo,Industrials,193.03,33179926528,2110000000,0.044,Pittsburgh,PA,United States,29000,0.000596949
ROK,"Rockwell Automation, Inc.",Industrials,289.79,32755834880,1613699968,-0.206,Milwaukee,WI,United States,27000,0.000589319
MLM,"Martin Marietta Materials, Inc.",Basic Materials,533.69,32618119168,1945500032,-0.053,Raleigh,NC,United States,9400,0.000586841
EXR,Extra Space Storage Inc,Real Estate,147,32422465536,2260791040,0.12,Salt Lake City,UT,United States,7618,0.000583321
DD,"DuPont de Nemours, Inc.",Basic Materials,77.28,32299563008,2977999872,0.044,Wilmington,DE,United States,24000,0.00058111
ETR,Entergy Corporation,Utilities,75.13,32216944640,4596974080,-0.057,New Orleans,LA,United States,12000,0.000579624
DECK,Deckers Outdoor Corporation,Consumer Cyclical,210.97,32050984960,1145432064,0.201,Goleta,CA,United States,4800,0.000576638
EFX,"Equifax, Inc.",Industrials,258.43,32032915456,1697699968,0.093,Atlanta,GA,United States,15000,0.000576313
UAL,"United Airlines Holdings, Inc.",Industrials,97.4,32032522240,7482999808,0.025,Chicago,IL,United States,106500,0.000576306
WTW,Willis Towers Watson Public Lim,Financial Services,317.57,31987238912,2580999936,0.057,London,,United Kingdom,48000,0.000575491
TTWO,"Take-Two Interactive Software, ",Communication Services,181.97,31958847488,165600000,0.041,New York,NY,United States,12371,0.00057498
HIG,Hartford Financial Services Gro,Financial Services,109.47,31734368256,4254000128,0.095,Hartford,CT,United States,18700,0.000570941
RJF,"Raymond James Financial, Inc.",Financial Services,155.05,31637176320,,0.132,Saint Petersburg,FL,United States,,0.000569193
AVB,"AvalonBay Communities, Inc.",Real Estate,222.17,31600791552,1808050944,0.094,Arlington,VA,United States,2978,0.000568538
MTB,M&T Bank Corporation,Financial Services,189.48,31438708736,,0.012,Buffalo,NY,United States,21986,0.000565622
DXCM,"DexCom, Inc.",Healthcare,80.04,31263223808,840400000,0.02,San Diego,CA,United States,9500,0.000562465
ED,"Consolidated Edison, Inc.",Utilities,90.03,31191611392,5555999744,0.057,New York,NY,United States,14592,0.000561177
EBAY,eBay Inc.,Consumer Cyclical,65.01,31139790848,2619000064,0.03,San Jose,CA,United States,12300,0.000560244
HPQ,HP Inc.,Technology,32.94,30891065344,5045000192,0.024,Palo Alto,CA,United States,58000,0.000555769
IRM,Iron Mountain Incorporated (Del,Real Estate,105.1,30842646528,2001980032,0.122,Portsmouth,NH,United States,27000,0.000554898
EIX,Edison International,Utilities,79.52,30786168832,6444000256,0.106,Rosemead,CA,United States,14375,0.000553882
LYV,"Live Nation Entertainment, Inc.",Communication Services,133.28,30734235648,1534734976,-0.062,Beverly Hills,CA,United States,14700,0.000552948
VICI,VICI Properties Inc.,Real Estate,28.79,30349555712,3661391104,0.067,New York,NY,United States,28,0.000546027
CNC,Centene Corporation,Healthcare,59.58,30079856640,5919000064,0.061,Saint Louis,MO,United States,67700,0.000541175
WEC,"WEC Energy Group, Inc.",Utilities,94.5,29895450624,3489200128,-0.048,Milwaukee,WI,United States,7000,0.000537857
MCHP,Microchip Technology Incorporat,Technology,55.51,29809422336,1950800000,-0.484,Chandler,AZ,United States,22300,0.000536309
HUM,Humana Inc.,Healthcare,247.1,29753559040,3779000064,0.113,Louisville,KY,United States,67600,0.000535304
ANSS,"ANSYS, Inc.",Technology,338.38,29591330816,836108992,0.312,Canonsburg,PA,United States,6400,0.000532385
BRO,"Brown & Brown, Inc.",Financial Services,102.93,29433659392,1528300032,0.099,Daytona Beach,FL,United States,16152,0.000529549
CSGP,"CoStar Group, Inc.",Real Estate,71.44,29287542784,170300000,0.109,Washington,DC,United States,6450,0.00052692
MPWR,"Monolithic Power Systems, Inc.",Technology,593.22,28937269248,522235008,0.306,Kirkland,WA,United States,3564,0.000520618
GDDY,GoDaddy Inc.,Technology,205.41,28837718016,1015600000,0.073,Tempe,AZ,United States,6159,0.000518827
TSCO,Tractor Supply Company,Consumer Cyclical,53.92,28803792896,1913799040,0.016,Brentwood,TN,United States,50000,0.000518217
STT,State Street Corporation,Financial Services,98.2,28787427328,,0.201,Boston,MA,United States,53000,0.000517922
CAH,"Cardinal Health, Inc.",Healthcare,118.28,28624943104,2924000000,-0.043,Dublin,OH,United States,47922,0.000514999
GPN,Global Payments Inc.,Industrials,112.03,28511076352,4356144128,0.051,Atlanta,GA,United States,27000,0.00051295
FITB,Fifth Third Bancorp,Financial Services,42.93,28500453376,,-0.03,Cincinnati,OH,United States,18579,0.000512759
XYL,Xylem Inc.,Industrials,117.14,28458575872,1688999936,0.013,Washington,DC,United States,23000,0.000512006
HPE,Hewlett Packard Enterprise Comp,Technology,21.61,28424284160,4909000192,0.101,Spring,TX,United States,62000,0.000511389
KEYS,Keysight Technologies Inc.,Technology,163.22,28265295872,1187000064,-0.119,Santa Rosa,CA,United States,15400,0.000508528
DOW,Dow Inc.,Basic Materials,39.94,27961675776,4851999744,0.014,Midland,MI,United States,35900,0.000503066
EQR,Equity Residential,Real Estate,71.35,27904485376,1796182016,0.034,Chicago,IL,United States,2400,0.000502037
ON,ON Semiconductor Corporation,Technology,65.5,27889702912,2716600064,-0.192,Scottsdale,AZ,United States,30000,0.000501771
PPG,"PPG Industries, Inc.",Basic Materials,120.21,27888719872,2870000128,-0.015,Pittsburgh,PA,United States,53000,0.000501753
K,Kellanova,Consumer Defensive,80.5,27748188160,2032000000,-0.007,Chicago,IL,United States,23000,0.000499225
SW,Smurfit WestRock plc,Consumer Cyclical,53.28,27713910784,2172999936,1.632,Dublin,,Ireland,100000,0.000498608
NUE,Nucor Corporation,Basic Materials,116.58,27374499840,4940151808,-0.152,Charlotte,NC,United States,32000,0.000492502
EL,"Estee Lauder Companies, Inc. (T",Consumer Defensive,74.36,26693603328,2438000128,-0.045,New York,NY,United States,44020,0.000480252
BR,"Broadridge Financial Solutions,",Technology,226.01,26418081792,1545799936,-0.006,Lake Success,NY,United States,14000,0.000475295
WBD,"Warner Bros. Discovery, Inc. - ",Communication Services,10.69,26224386048,7144999936,-0.036,New York,NY,United States,35300,0.00047181
TPL,Texas Pacific Land Corporation,Energy,1133.12,26033317888,548542016,0.099,Dallas,TX,United States,100,0.000468372
CHD,"Church & Dwight Company, Inc.",Consumer Defensive,106.1,25994287104,1330099968,0.038,Ewing,NJ,United States,5550,0.00046767
MTD,"Mettler-Toledo International, I",Healthcare,1230.74,25971937280,1142445056,0.013,Columbus,OH,United States,16000,0.000467268
DOV,Dover Corporation,Industrials,189.27,25966329856,1765938048,0.013,Downers Grove,IL,United States,25000,0.000467167
TYL,"Tyler Technologies, Inc.",Technology,605.42,25911128064,368943008,0.098,Plano,TX,United States,7386,0.000466174
FTV,Fortive Corporation,Technology,74.45,25830350848,1698499968,0.027,Everett,WA,United States,18000,0.000464721
TROW,"T. Rowe Price Group, Inc.",Financial Services,116.12,25797103616,2648399872,0.069,Baltimore,MD,United States,8104,0.000464123
VLTO,Veralto Corp,Industrials,104.25,25781858304,1264999936,0.047,Waltham,MA,United States,16000,0.000463848
EQT,EQT Corporation,Energy,42.99,25651447808,2601137920,0.195,Pittsburgh,PA,United States,881,0.000461502
SYF,Synchrony Financial,Financial Services,65.45,25482563584,,0.116,Stamford,CT,United States,20000,0.000458464
NVR,"NVR, Inc.",Consumer Cyclical,8276.78,25359060992,2071504000,0.06,Reston,VA,United States,6300,0.000456242
DTE,DTE Energy Company,Utilities,120.18,24889397248,3448000000,0.006,Detroit,MI,United States,9412,0.000447792
VTR,"Ventas, Inc.",Real Estate,58.76,24650465280,1857009024,0.08,Chicago,IL,United States,486,0.000443493
AWK,"American Water Works Company, I",Utilities,125.92,24541052928,2408000000,0.134,Camden,NJ,United States,6500,0.000441525
ADM,Archer-Daniels-Midland Company,Consumer Defensive,50.49,24161183744,3988000000,-0.117,Chicago,IL,United States,40213,0.00043469
NTAP,"NetApp, Inc.",Technology,118.45,24081594368,1582000000,0.076,San Jose,CA,United States,11800,0.000433258
WST,"West Pharmaceutical Services, I",Healthcare,331.4,24000782336,744700032,-0.001,Exton,PA,United States,10600,0.000431804
CPAY,"Corpay, Inc.",Technology,343.83,23968733184,2066438016,0.06,Atlanta,GA,United States,10500,0.000431228
PPL,PPL Corporation,Utilities,32.43,23932366848,3276000000,0.011,Allentown,PA,United States,6629,0.000430574
LYB,LyondellBasell Industries NV,Basic Materials,73.5,23869638656,4421000192,-0.029,Houston,TX,United States,20000,0.000429445
AEE,Ameren Corporation,Utilities,89.29,23834001408,3264000000,0.056,Saint Louis,MO,United States,9372,0.000428804
EXPE,"Expedia Group, Inc.",Consumer Cyclical,184.75,23711924224,1720000000,0.033,Seattle,WA,United States,17100,0.000426607
HBAN,Huntington Bancshares Incorpora,Financial Services,16.32,23709857792,,-0.012,Columbus,OH,United States,19896,0.00042657
CDW,CDW Corporation,Technology,174.53,23258566656,1996300032,-0.02,Vernon Hills,IL,United States,15100,0.000418451
FE,FirstEnergy Corp.,Utilities,39.79,22931654656,3924000000,0.069,Akron,OH,United States,12042,0.000412569
HUBB,Hubbell Inc,Industrials,426.8,22906568704,1266200064,0.049,Shelton,CT,United States,18000,0.000412118
HAL,Halliburton Company,Energy,25.97,22814697472,5112000000,-0.018,Houston,TX,United States,48000,0.000410465
ROL,"Rollins, Inc.",Consumer Cyclical,46.92,22723590144,757598016,0.09,Atlanta,GA,United States,20000,0.000408826
PHM,"PulteGroup, Inc.",Consumer Cyclical,110.52,22665662464,3788722944,0.118,Atlanta,GA,United States,6382,0.000407784
CINF,Cincinnati Financial Corporatio,Financial Services,144.57,22598461440,4062000128,0.833,Fairfield,OH,United States,5426,0.000406575
PTC,PTC Inc.,Technology,187.58,22533797888,698484992,0.146,Boston,MA,United States,7000,0.000405412
WRB,W.R. Berkley Corporation,Financial Services,58.57,22319210496,,0.122,Greenwich,CT,United States,8329,0.000401551
DRI,"Darden Restaurants, Inc.",Consumer Cyclical,187.59,22041825280,1789500032,0.01,Orlando,FL,United States,191105,0.00039656
FOXA,Fox Corporation,Communication Services,49.53,21946050560,3025999872,0.111,New York,NY,United States,10200,0.000394837
FOX,Fox Corporation,Communication Services,46.65,21941315584,3025999872,0.111,New York,NY,United States,10200,0.000394752
IFF,International Flavors & Fragran,Basic Materials,85.74,21922174976,1876000000,0.037,New York,NY,United States,21500,0.000394408
SBAC,SBA Communications Corporation,Real Estate,203.57,21888458752,1785819008,-0.022,Boca Raton,FL,United States,1787,0.000393801
WAT,Waters Corporation,Healthcare,368.16,21859942400,1008035008,0.04,Milford,MA,United States,7900,0.000393288
ERIE,Erie Indemnity Company,Financial Services,416.48,21777698816,710918720,0.164,Erie,PA,United States,6481,0.000391808
TDY,Teledyne Technologies Incorpora,Technology,467.25,21774923776,1346000000,0.029,Thousand Oaks,CA,United States,14900,0.000391758
ATO,Atmos Energy Corporation,Utilities,139.69,21710899200,1991972992,0.059,Dallas,TX,United States,5019,0.000390607
RF,Regions Financial Corporation,Financial Services,23.77,21603698688,,0.156,Birmingham,AL,United States,20101,0.000388678
BIIB,Biogen Inc.,Healthcare,146.47,21343463424,2884999936,-0.025,Cambridge,MA,United States,7570,0.000383996
ZBH,"Zimmer Biomet Holdings, Inc.",Healthcare,107.12,21324808192,2557400064,0.04,Warsaw,IN,United States,18000,0.00038366
CNP,"CenterPoint Energy, Inc (Holdin",Utilities,32.54,21207195648,3081999872,-0.002,Houston,TX,United States,8827,0.000381544
MKC,"McCormick & Company, Incorporat",Consumer Defensive,78.86,21156954112,1270200064,-0.003,Hunt Valley,MD,United States,13800,0.00038064
ES,Eversource Energy (D/B/A),Utilities,56.95,20866592768,4149131008,0.097,Springfield,MA,United States,10000,0.000375416
WDC,Western Digital Corporation,Technology,60.24,20825450496,2134000000,,San Jose,CA,United States,51000,0.000374676
TSN,"Tyson Foods, Inc.",Consumer Defensive,58.02,20665157632,3144000000,0.016,Springdale,AR,United States,138000,0.000371792
TER,"Teradyne, Inc.",Technology,125.95,20512342016,640716992,0.048,North Reading,MA,United States,6400,0.000369043
STE,STERIS plc (Ireland),Healthcare,207.49,20480778240,1325649024,0.073,Mentor,OH,United States,18000,0.000368475
PKG,Packaging Corporation of Americ,Consumer Cyclical,227.98,20473718784,1624999936,0.127,Lake Forest,IL,United States,14900,0.000368348
CLX,Clorox Company (The),Consumer Defensive,164.44,20354547712,1371000064,0.271,Oakland,CA,United States,7400,0.000366204
NTRS,Northern Trust Corporation,Financial Services,102.48,20313380864,,0.145,Chicago,IL,United States,23300,0.000365463
ZBRA,Zebra Technologies Corporation,Technology,393.04,20273004544,803000000,0.313,Lincolnshire,IL,United States,9750,0.000364737
DVN,Devon Energy Corporation,Energy,30.77,20212811776,7622000128,-0.102,Oklahoma City,OK,United States,1900,0.000363654
CBOE,"Cboe Global Markets, Inc.",Financial Services,191.61,20058884096,1290400000,0.162,Chicago,IL,United States,1647,0.000360885
WY,Weyerhaeuser Company,Real Estate,27.5,19981004800,1234000000,-0.169,Seattle,WA,United States,9300,0.000359484
LUV,Southwest Airlines Company,Industrials,33.28,19959246848,1682000000,0.053,Dallas,TX,United States,73463,0.000359092
ULTA,"Ulta Beauty, Inc.",Consumer Cyclical,430.01,19940638720,1827608064,0.009,Bolingbrook,IL,United States,20000,0.000358757
CMS,CMS Energy Corporation,Utilities,66.61,19902068736,2739000064,0.042,Jackson,MI,United States,8356,0.000358063
INVH,Invitation Homes Inc.,Real Estate,32.14,19689156608,1407630976,0.058,Dallas,TX,United States,1555,0.000354233
FSLR,"First Solar, Inc.",Technology,182.39,19526307840,1716966016,0.108,Tempe,AZ,United States,6700,0.000351303
BF-B,Brown Forman Inc,Consumer Defensive,41.28,19369400320,1198000000,-0.084,Louisville,KY,United States,5700,0.00034848
LDOS,"Leidos Holdings, Inc.",Technology,144.81,19322431488,2056999936,0.069,Reston,VA,United States,47000,0.000347635
CFG,"Citizens Financial Group, Inc.",Financial Services,43.45,19148457984,,-0.061,Providence,RI,United States,17329,0.000344505
LH,Labcorp Holdings Inc.,Healthcare,228.61,19120779264,1673500032,0.074,Burlington,NC,United States,67000,0.000344007
VRSN,"VeriSign, Inc.",Technology,198.84,19108524032,1089200000,0.038,Reston,VA,United States,907,0.000343787
IP,International Paper Company,Consumer Cyclical,54.45,18916366336,1955000064,0.016,Memphis,TN,United States,39000,0.000340329
ESS,"Essex Property Trust, Inc.",Real Estate,283.76,18898388992,1109452032,0.076,San Mateo,CA,United States,1747,0.000340006
PODD,Insulet Corporation,Healthcare,266.57,18698500096,410600000,0.257,Acton,MA,United States,3000,0.00033641
COO,"The Cooper Companies, Inc.",Healthcare,93.44,18649036800,1023000000,0.078,San Ramon,CA,United States,15000,0.00033552
SMCI,"Super Micro Computer, Inc.",Technology,31.59,18497998848,1304590720,1.43,San Jose,CA,United States,,0.000332802
STX,Seagate Technology Holdings PLC,Technology,87.31,18468683776,1211000064,0.491,Singapore,,Singapore,30000,0.000332275
MAA,Mid-America Apartment Communiti,Real Estate,153.4,18401249280,1247618048,0.017,Germantown,TN,United States,2427,0.000331062
FDS,FactSet Research Systems Inc.,Financial Services,483.52,18368344064,831163008,0.049,Norwalk,CT,United States,12398,0.00033047
NRG,"NRG Energy, Inc.",Utilities,90.45,18322094080,2192999936,-0.091,Houston,TX,United States,18131,0.000329638
BBY,"Best Buy Co., Inc.",Consumer Cyclical,85.55,18290247680,2673999872,-0.031,Richfield,MN,United States,85000,0.000329065
SNA,Snap-On Incorporated,Industrials,343.65,18038120448,1480000000,-0.005,Kenosha,WI,United States,13200,0.000324529
L,Loews Corporation,Financial Services,83.19,18017040384,3233999872,0.138,New York,NY,United States,12280,0.000324149
PFG,Principal Financial Group Inc,Financial Services,77.3,17680521216,-15100000,-0.345,Des Moines,IA,United States,19800,0.000318095
STLD,"Steel Dynamics, Inc.",Basic Materials,115.69,17613223936,2689149952,-0.054,Fort Wayne,IN,United States,12600,0.000316884
TRMB,Trimble Inc.,Technology,71.64,17495060480,737699968,-0.085,Westminster,CO,United States,12700,0.000314758
OMC,Omnicom Group Inc.,Communication Services,88.86,17453082624,2420600064,0.085,New York,NY,United States,75900,0.000314003
CTRA,Coterra Energy Inc.,Energy,23.68,17439016960,3448999936,-0.05,Houston,TX,United States,894,0.00031375
HRL,Hormel Foods Corporation,Consumer Defensive,31.68,17392732160,1353831040,-0.022,Austin,MN,United States,20000,0.000312917
ARE,Alexandria Real Estate Equities,Real Estate,99.17,17331146752,1905123968,0.109,Pasadena,CA,United States,568,0.000311809
BLDR,"Builders FirstSource, Inc.",Industrials,150.5,17320292352,2349128960,-0.067,Irving,TX,United States,29000,0.000311614
JBHT,"J.B. Hunt Transport Services, I",Industrials,170.23,17164290048,1577556992,-0.03,Lowell,AR,United States,34718,0.000308807
GEN,Gen Digital Inc.,Technology,27.83,17151517696,1808999936,0.031,Tempe,AZ,United States,3400,0.000308577
DGX,Quest Diagnostics Incorporated,Healthcare,153.1,17088257024,1804999936,0.084,Secaucus,NJ,United States,50000,0.000307439
KEY,KeyCorp,Financial Services,17.09,16941026304,,-0.602,Cleveland,OH,United States,16734,0.00030479
NI,NiSource Inc,Utilities,36.17,16883395584,2324999936,0.048,Merrillville,IN,United States,7364,0.000303754
MOH,Molina Healthcare Inc,Healthcare,294.73,16858556416,1814000000,0.174,Long Beach,CA,United States,18000,0.000303307
PNR,Pentair plc.,Industrials,101.95,16845300736,978700032,-0.015,London,,United Kingdom,10500,0.000303068
J,Jacobs Solutions Inc.,Industrials,135.75,16835307520,1476304000,0.011,Dallas,TX,United States,60000,0.000302888
DG,Dollar General Corporation,Consumer Defensive,76.4,16802347008,3025478912,0.042,Goodlettsville,TN,United States,185800,0.000302295
BALL,Ball Corporation,Consumer Cyclical,55.8,16652169216,2092999936,-0.009,Westminster,CO,United States,21000,0.000299594
NWS,News Corporation,Communication Services,30.7,16374949888,1270000000,0.031,New York,NY,United States,23900,0.000294606
NWSA,News Corporation,Communication Services,27.86,16357357568,1270000000,0.031,New York,NY,United States,23900,0.00029429
UDR,"UDR, Inc.",Real Estate,43.46,16326182912,989297984,0.006,Highlands Ranch,CO,United States,1397,0.000293729
HOLX,"Hologic, Inc.",Healthcare,71.65,16260322304,1242700032,0.045,Marlborough,MA,United States,6990,0.000292544
JBL,Jabil Inc.,Technology,145,16195484672,2143000064,-0.177,Saint Petersburg,FL,United States,138000,0.000291377
GPC,Genuine Parts Company,Consumer Cyclical,115.73,16090636288,2055010944,0.025,Atlanta,GA,United States,60000,0.000289491
IEX,IDEX Corporation,Industrials,212.38,16082113536,862700032,0.006,Northbrook,IL,United States,8800,0.000289338
MAS,Masco Corporation,Industrials,74.39,16049567744,1494000000,0.002,Livonia,MI,United States,18000,0.000288752
KIM,Kimco Realty Corporation (HC),Real Estate,23.42,15786977280,1195842048,0.138,Jericho,NY,United States,660,0.000284028
ALGN,"Align Technology, Inc.",Healthcare,211.06,15756283904,820153984,0.018,Tempe,AZ,United States,21690,0.000283475
DLTR,"Dollar Tree, Inc.",Consumer Defensive,72.94,15684945920,2604699904,0.007,Chesapeake,VA,United States,65894,0.000282192
EXPD,Expeditors International of Was,Industrials,111.48,15604525056,1006916992,0.37,Seattle,WA,United States,18690,0.000280745
EG,"Everest Group, Ltd.",Financial Services,356.64,15327888384,,0.128,Hamilton,,Bermuda,2844,0.000275768
MRNA,"Moderna, Inc.",Healthcare,39.39,15157980160,-2361999872,0.017,Cambridge,MA,United States,5600,0.000272711
LNT,Alliant Energy Corporation,Utilities,58.95,15126511616,1636999936,0.004,Madison,WI,United States,3281,0.000272145
AVY,Avery Dennison Corporation,Consumer Cyclical,188.13,15115568128,1416300032,0.041,Mentor,OH,United States,35000,0.000271948
BAX,Baxter International Inc.,Healthcare,29.5,15062345728,2744000000,0.038,Deerfield,IL,United States,60000,0.000270991
TPR,"Tapestry, Inc.",Consumer Cyclical,64.15,14949259264,1439500032,-0.004,New York,NY,United States,12500,0.000268956
VTRS,Viatris Inc.,Healthcare,12.52,14943747072,4586699776,-0.048,Canonsburg,PA,United States,32000,0.000268857
CF,"CF Industries Holdings, Inc.",Basic Materials,84.98,14788219904,2651000064,0.076,Northbrook,IL,United States,2700,0.000266059
FFIV,"F5, Inc.",Technology,252.25,14785608704,782097984,0.056,Seattle,WA,United States,,0.000266012
DPZ,Domino's Pizza Inc,Consumer Cyclical,426.18,14716847104,921121024,0.031,Ann Arbor,MI,United States,6500,0.000264775
AKAM,"Akamai Technologies, Inc.",Technology,95.89,14405267456,1118397952,0.041,Cambridge,MA,United States,10947,0.000259169
RL,Ralph Lauren Corporation,Consumer Cyclical,230.28,14299996160,1059800000,0.057,New York,NY,United States,14800,0.000257275
TXT,Textron Inc.,Industrials,76.85,14256596992,1644999936,0.025,Providence,RI,United States,35000,0.000256494
SWKS,"Skyworks Solutions, Inc.",Technology,88.75,14192988160,1136199936,-0.159,Irvine,CA,United States,9750,0.00025535
EVRG,"Evergy, Inc.",Utilities,61.43,14127425536,2564199936,0.085,Kansas City,MO,United States,4658,0.00025417
EPAM,"EPAM Systems, Inc.",Technology,248.26,14081654784,659422016,0.013,Newtown,PA,United States,53250,0.000253347
DOC,"Healthpeak Properties, Inc.",Real Estate,20.12,14072794112,1400305024,0.259,Denver,CO,United States,193,0.000253187
APTV,Aptiv PLC,Consumer Cyclical,58.86,13834219520,3032999936,-0.051,Dublin,,Ireland,154000,0.000248895
RVTY,"Revvity, Inc.",Healthcare,112.56,13698777088,788105984,0.02,Waltham,MA,United States,11000,0.000246458
AMCR,Amcor plc,Consumer Cyclical,9.4,13586195456,1904000000,-0.026,Zurich,,Switzerland,41000,0.000244433
REG,Regency Centers Corporation,Real Estate,73.8,13476028416,917937984,0.089,Jacksonville,FL,United States,492,0.000242451
POOL,Pool Corporation,Industrials,349.04,13282891776,679414976,-0.028,Covington,LA,United States,6000,0.000238976
INCY,Incyte Corporation,Healthcare,68.84,13262025728,80491000,0.238,Wilmington,DE,United States,2524,0.000238601
BXP,"BXP, Inc.",Real Estate,74.64,13164555264,1870726016,0.037,Boston,MA,United States,836,0.000236847
KMX,CarMax Inc,Consumer Cyclical,84.27,12969826304,926968000,-0.002,Richmond,VA,United States,30000,0.000233344
CAG,"ConAgra Brands, Inc.",Consumer Defensive,27.11,12940145664,2239500032,-0.038,Chicago,IL,United States,18500,0.00023281
HST,"Host Hotels & Resorts, Inc.",Real Estate,18.2,12895228928,1515000064,0.092,Bethesda,MD,United States,163,0.000232001
JKHY,"Jack Henry & Associates, Inc.",Technology,176.74,12894826496,571171968,0.052,Monett,MO,United States,7170,0.000231994
SWK,"Stanley Black & Decker, Inc.",Industrials,82,12641447936,1663699968,-0.051,New Britain,CT,United States,50500,0.000227436
DVA,DaVita Inc.,Healthcare,151.85,12455345152,2657765120,0.046,Denver,CO,United States,70000,0.000224087
CPB,The Campbell's Company,Consumer Defensive,41.5,12371523584,1783000064,0.109,Camden,NJ,United States,14400,0.000222579
CHRW,"C.H. Robinson Worldwide, Inc.",Industrials,104.34,12333509632,673996992,0.07,Eden Prairie,MN,United States,14537,0.000221895
JNPR,"Juniper Networks, Inc.",Technology,37.24,12329754624,498500000,-0.048,Sunnyvale,CA,United States,11144,0.000221828
CPT,Camden Property Trust,Real Estate,114.91,12258713600,893276992,-0.005,Houston,TX,United States,1640,0.00022055
TAP,Molson Coors Beverage Company,Consumer Defensive,59.34,12231042048,2418400000,-0.078,Golden,CO,United States,16500,0.000220052
NDSN,Nordson Corporation,Industrials,209.73,11957965824,818784000,0.02,Westlake,OH,United States,7700,0.000215139
PAYC,"Paycom Software, Inc.",Technology,207.23,11949295616,667798016,0.112,Oklahoma City,OK,United States,7308,0.000214983
UHS,"Universal Health Services, Inc.",Healthcare,180.11,11881064448,2124051968,0.112,King of Prussia,PA,United States,96700,0.000213755
NCLH,Norwegian Cruise Line Holdings ,Consumer Cyclical,26.91,11832542208,2335180032,0.107,Miami,FL,United States,41000,0.000212882
DAY,"Dayforce, Inc.",Technology,74.84,11802267648,252100000,0.166,Minneapolis,MN,United States,9084,0.000212338
SJM,The J.M. Smucker Company,Consumer Defensive,109.89,11694054400,1977900032,0.177,Orrville,OH,United States,9000,0.000210391
TECH,Bio-Techne Corp,Healthcare,73.17,11626127360,308515008,0.045,Minneapolis,MN,United States,3100,0.000209169
SOLV,Solventum Corporation,Healthcare,66.83,11545350144,1840000000,0.004,Saint Paul,MN,United States,,0.000207715
ALLE,Allegion plc,Industrials,132.18,11490313216,888400000,0.054,Dublin,,Ireland,12200,0.000206725
BG,Bunge Limited,Consumer Defensive,79.1,11044496384,2486000128,-0.093,Chesterfield,MO,United States,23000,0.000198704
AIZ,"Assurant, Inc.",Financial Services,212.27,10886776832,1241900032,0.07,Atlanta,GA,United States,13600,0.000195867
IPG,"Interpublic Group of Companies,",Communication Services,29.07,10829010944,1732099968,-0.029,New York,NY,United States,55100,0.000194828
BEN,"Franklin Resources, Inc.",Financial Services,20.49,10736411648,1688400000,0.113,San Mateo,CA,United States,10200,0.000193162
EMN,Eastman Chemical Company,Basic Materials,91.76,10636177408,1684000000,0.087,Kingsport,TN,United States,14000,0.000191358
ALB,Albemarle Corporation,Basic Materials,88.65,10419920896,-935078016,-0.414,Charlotte,NC,United States,9000,0.000187468
MGM,MGM Resorts International,Consumer Cyclical,34.16,10170798080,2556987904,0.053,Las Vegas,NV,United States,58000,0.000182986
AOS,A.O. Smith Corporation,Industrials,68.72,9964057600,809100032,-0.037,Milwaukee,WI,United States,12000,0.000179266
WYNN,"Wynn Resorts, Limited",Consumer Cyclical,88.95,9768043520,1829332992,0.013,Las Vegas,NV,United States,27800,0.000175739
PNW,Pinnacle West Capital Corporati,Utilities,84.96,9659952128,1978172032,0.08,Phoenix,AZ,United States,6133,0.000173795
ENPH,"Enphase Energy, Inc.",Technology,71.45,9653395456,102900000,-0.309,Fremont,CA,United States,3157,0.000173677
LKQ,LKQ Corporation,Consumer Cyclical,36.88,9587324928,1732000000,0.004,Chicago,IL,United States,49000,0.000172488
FRT,Federal Realty Investment Trust,Real Estate,111.92,9579524096,739025984,0.058,North Bethesda,MD,United States,297,0.000172348
CRL,Charles River Laboratories Inte,Healthcare,185.77,9499572224,948771008,-0.016,Wilmington,MA,United States,20400,0.000170909
GNRC,Generac Holdlings Inc.,Industrials,156.26,9297047552,660542976,0.096,Waukesha,WI,United States,8315,0.000167266
AES,The AES Corporation,Utilities,13,9243351040,3334000128,-0.042,Arlington,VA,United States,9600,0.0001663
GL,Globe Life Inc.,Financial Services,109.39,9182754816,1495667968,0.052,McKinney,TX,United States,3636,0.000165209
LW,"Lamb Weston Holdings, Inc.",Consumer Defensive,62.09,8856579072,1294400000,-0.007,Eagle,ID,United States,10700,0.000159341
HSIC,"Henry Schein, Inc.",Healthcare,69.82,8705227776,922000000,0.004,Melville,NY,United States,26000,0.000156618
MKTX,"MarketAxess Holdings, Inc.",Financial Services,230.15,8677667840,412735008,0.2,New York,NY,United States,881,0.000156122
MTCH,"Match Group, Inc.",Communication Services,33.76,8476832256,993089984,0.016,Dallas,TX,United States,2600,0.000152509
TFX,Teleflex Incorporated,Healthcare,178.16,8274409984,644953984,0.024,Wayne,PA,United States,14500,0.000148867
WBA,"Walgreens Boots Alliance, Inc.",Healthcare,9.55,8246310400,2884000000,0.06,Deerfield,IL,United States,193000,0.000148362
HAS,"Hasbro, Inc.",Consumer Cyclical,57.58,8032467456,772200000,-0.148,Pawtucket,RI,United States,5502,0.000144514
IVZ,Invesco Ltd,Financial Services,17.33,7788795392,1053000000,0.051,Atlanta,GA,United States,8524,0.00014013
APA,APA Corporation,Energy,21.04,7783685632,5047000064,0.104,Houston,TX,United States,2271,0.000140038
MOS,Mosaic Company (The),Basic Materials,24.07,7645714944,1908199936,-0.208,Tampa,FL,United States,14049,0.000137556
PARA,Paramount Global,Communication Services,10.66,7596251648,3124999936,-0.056,New York,NY,United States,21900,0.000136666
MHK,"Mohawk Industries, Inc.",Consumer Cyclical,119.16,7521534464,1549473024,-0.017,Calhoun,GA,United States,43300,0.000135322
CE,Celanese Corporation,Basic Materials,68.25,7460544000,1851000064,-0.028,Irving,TX,United States,12400,0.000134225
HII,"Huntington Ingalls Industries, ",Industrials,190.45,7452174848,1071000000,-0.024,Newport News,VA,United States,44000,0.000134074
CZR,"Caesars Entertainment, Inc.",Consumer Cyclical,32.82,6973593600,3668000000,-0.04,Reno,NV,United States,51000,0.000125464
BWA,BorgWarner Inc.,Consumer Cyclical,31.88,6972155904,1882000000,-0.048,Auburn Hills,MI,United States,39900,0.000125438
QRVO,"Qorvo, Inc.",Technology,70.85,6697217024,673129984,-0.052,Greensboro,NC,United States,8700,0.000120491
FMC,FMC Corporation,Basic Materials,50.15,6260525568,703299968,0.085,Philadelphia,PA,United States,5800,0.000112635
AMTM,"Amentum Holdings, Inc.",Industrials,19.17,4664099328,433000000,-0.031,Chantilly,VA,United States,,8.39130444266517e-05